"Time_Iter","Outer_Iter","Inner_Iter",    "Cur_Time"    ,    "Time_Step"   ,    "Time(sec)"   ,    "rms[A_P]"    ,    "rms[A_U]"    ,    "rms[A_V]"    ,    "rms[A_W]"    ,    "rms[A_T]"    
          0,           0,           0,                 0,                 0,       221.7479307,      -2.084643171,      -1.278981201,      -2.359927453,      -2.051594693,      -3.617393884
          0,           0,           1,                 0,                 0,       111.9868888,      -1.490675149,       -1.09978468,      -2.107364901,      -1.969319784,      -3.709749971
          0,           0,           2,                 0,                 0,        75.3761496,      -1.229489906,      -1.049727477,      -1.837265689,       -1.85594274,      -3.788223674
          0,           0,           3,                 0,                 0,       57.06631379,      -1.136413863,      -1.049051553,      -1.714089112,      -1.732580454,      -3.854261667
          0,           0,           4,                 0,                 0,       46.09139627,      -1.124054202,      -1.069418252,      -1.676354194,      -1.650871274,       -3.90949948
          0,           0,           5,                 0,                 0,       38.79835828,      -1.152628725,      -1.097733826,      -1.686039451,      -1.615362507,      -3.955607028
          0,           0,           6,                 0,                 0,       33.56890833,      -1.199490173,      -1.128007448,      -1.720897471,      -1.614293324,      -3.994166296
          0,           0,           7,                 0,                 0,       29.63376297,      -1.251221947,      -1.157932044,      -1.767248247,      -1.633820441,       -4.02658973
