"Time_Iter","Outer_Iter","Inner_Iter",    "Cur_Time"    ,    "Time_Step"   ,    "Time(sec)"   ,   "rms[A_Rho]"   ,   "rms[A_RhoU]"  ,   "rms[A_RhoV]"  ,   "rms[A_RhoW]"  ,    "rms[A_E]"    
          0,           0,           0,                 0,                 0,       388.8175861,      -3.560178959,       -2.18370267,      -3.113434175,      -3.263118093,      -2.426369713
          0,           0,           1,                 0,                 0,       196.2149051,      -3.337512282,      -2.186950067,      -2.793793151,      -2.930303637,       -2.71284222
          0,           0,           2,                 0,                 0,       132.0439435,      -3.172472548,      -2.195849682,      -2.596770534,       -2.73345359,      -2.805862518
          0,           0,           3,                 0,                 0,       99.94621888,      -3.004015624,      -2.203049102,      -2.487565219,      -2.631193995,      -2.792927732
          0,           0,           4,                 0,                 0,       80.69893572,      -2.827001501,      -2.233306779,      -2.439208923,       -2.58167493,      -2.797745871
          0,           0,           5,                 0,                 0,       67.84370812,      -2.655069015,      -2.289592064,      -2.435332257,      -2.556481329,      -2.814201405
          0,           0,           6,                 0,                 0,       58.67784834,      -2.504084206,      -2.366649063,      -2.465648251,      -2.543164759,      -2.828130996
          0,           0,           7,                 0,                 0,       51.76877203,      -2.381981673,      -2.455395315,      -2.523939177,       -2.54380161,      -2.822770278
